product_id,sku,name,url,price,list_price,original_price,rating_average,review_count,thumbnail_url,inventory_status,color,size,gender,category
275753101,7973181161204,"[HÀNG HOTTREND 2024] Quần dài  nữ chun lưng cao, có họa tiết trơn đơn giản Qd09",https://tiki.vn/product-p275753101.html?spid=275753103,260000,260000,260000,0.0,0,https://salt.tikicdn.com/cache/280x280/ts/product/21/7b/90/7f8eb2ad35a38ac1ecaec7e9299fdd42.jpg,available,"['L', 'M', 'XL', 'XXL']",[],Nữ,Quần dài
275752942,2237070276371,"Quần dài nữ dáng rộng, thời trang năng động, đủ size QD09",https://tiki.vn/product-p275752942.html?spid=275752944,260000,260000,260000,0.0,0,https://salt.tikicdn.com/cache/280x280/ts/product/0a/c8/38/b1d7c88f38d30d9f6b20d102659f4c1c.jpg,available,"['L', 'M', 'XL', 'XXL']",[],Nữ,Quần dài
275226627,6474563109764,"Quần dài nữ suông chất liệu linen mát mẻ , quần có khóa trước và chun sau dễ mặc và dễ phối đồ QD07",https://tiki.vn/product-p275226627.html?spid=275226629,408000,408000,408000,0.0,0,https://salt.tikicdn.com/cache/280x280/ts/product/2e/d3/c7/6f812de475169d49ef6ec3dc56490e27.jpg,available,"['BE', 'Trắng', 'Xanh Đen', 'muối tiêu', 'ĐEN']","['2XL', 'L', 'M', 'XL']",Nữ,Quần dài
59506049,2688093429564,Quần Dài Yoga Nữ ,https://tiki.vn/product-p59506049.html?spid=59506061,519000,519000,519000,0.0,0,https://salt.tikicdn.com/cache/280x280/ts/product/4b/42/93/0bb1373ebe5c7d541385afaf85437dfc.jpg,available,['Xanh nhạt'],['M'],Nữ,Quần dài
182783341,9981611300207,"Quần dài nữ, quần baggy nữ công sở Qt31",https://tiki.vn/product-p182783341.html?spid=182783349,99000,99000,99000,0.0,0,https://salt.tikicdn.com/cache/280x280/ts/product/0c/35/11/c92ad2d1515ed333e6c864546957a13b.jpg,available,"['Size 2XL', 'Size L', 'Size M', 'Size S', 'Size XL']",[],Nữ,Quần dài
146633507,1112447113713,QUẦN DÀI NỮ TQ124K1631 GENVIET,https://tiki.vn/product-p146633507.html?spid=146633543,528000,528000,528000,0.0,0,https://salt.tikicdn.com/cache/280x280/ts/product/d5/99/71/b1345a7dcddd49df5b1d8cd44cbe20ed.jpg,available,"['Hồng đất', 'Trắng']","['25', '26', '27']",Nữ,Quần dài
133888747,9951653624647,"Quần dài nữ,quần ống rộng khoá sườn vải co giãn mềm mịn QT23",https://tiki.vn/product-p133888747.html?spid=133888759,136000,136000,136000,0.0,0,https://salt.tikicdn.com/cache/280x280/ts/product/be/95/a0/f677f8492df0a96a8a3fa957d5085747.jpg,available,[],[],Nữ,Quần dài
145289616,2233390715994,"Quần Dài Đũi Nữ New Design Thiết Kế Dáng Quằn Ống Rộng Dài ,Cạp Chun  Mặc Thoải Mái QA0002",https://tiki.vn/product-p145289616.html?spid=145289630,249000,249000,249000,0.0,0,https://salt.tikicdn.com/cache/280x280/ts/product/3f/9c/56/0745cca728810833f50e76e7fb7561ab.jpg,available,"['Trắng', 'Đen']","['L', 'M', 'XL']",Nữ,Quần dài
188545627,5402472474255,QUẦN DÀI CẠP CAO,https://tiki.vn/product-p188545627.html?spid=188545629,479000,479000,479000,0.0,0,https://salt.tikicdn.com/cache/280x280/ts/product/24/18/f0/6605edae76c6672cf3f89887a6190568.jpg,available,['Xanh Than'],"['L', 'M', 'S']",Nữ,Quần dài
168072269,1169363007424,QUẦN DÀI CẠP CAO,https://tiki.vn/product-p168072269.html?spid=168072271,479000,479000,479000,5.0,1,https://salt.tikicdn.com/cache/280x280/ts/product/00/0f/96/28e48807fd940f849d29629342e092f5.jpg,available,"['L', 'M', 'S']","['Màu Tím', 'Màu Xanh', 'Xanh Than', 'Đỏ']",Nữ,Quần dài
185858380,8423293703486,QUẦN DÀI CẠP CAO,https://tiki.vn/product-p185858380.html?spid=185858392,479000,479000,479000,0.0,0,https://salt.tikicdn.com/cache/280x280/ts/product/94/fa/10/1672e7a878bec64f1ffd509bbe18bb34.jpg,available,"['Màu Hồng', 'Màu Trắng', 'Màu Tím']","['L', 'M', 'S']",Nữ,Quần dài
142085811,3368073397099,Quần dài cạp  cao size M,https://tiki.vn/product-p142085811.html?spid=142085815,520000,520000,520000,0.0,0,https://salt.tikicdn.com/cache/280x280/ts/product/26/41/10/5a509e63953b2c8dc6fc3b3762d45e93.jpg,available,[],[],Nữ,Quần dài
101154484,5153589494411,Quần Dài Jogger Nữ Thể Thao Chất Vải Thun Lạnh Co Dãn Mềm Mịn Thoáng Mát,https://tiki.vn/product-p101154484.html?spid=101154486,198000,198000,198000,0.0,0,https://salt.tikicdn.com/cache/280x280/ts/product/47/d9/74/1d53cfad77099e37cfa382288a846a52.jpg,available,"['Trắng', 'Xám', 'Đen', 'Đỏ']","['L', 'M', 'S', 'XL']",Nữ,Quần dài
275742448,9575524091511,"Quần dài form suông dành cho phái nữ, bo chun, thoải mái, dễ chịu QD08",https://tiki.vn/product-p275742448.html?spid=275742450,260000,260000,260000,0.0,0,https://salt.tikicdn.com/cache/280x280/ts/product/ae/d0/6b/cbf94c8d75566de5094f834265e627e4.jpg,available,"['L', 'M', 'XL', 'XXL']",['BE SẪM'],Nữ,Quần dài
177783496,4867395996961,Quần dài thun đen,https://tiki.vn/product-p177783496.html?spid=177783500,630000,630000,630000,0.0,0,https://salt.tikicdn.com/cache/280x280/ts/product/ac/3d/3d/32e22440ea4ca7efae193ec7ef3ee1db.jpg,available,"['L', 'M', 'S']",[],Nữ,Quần dài
142124479,9330119843401,Quần dài cạp cao size S,https://tiki.vn/product-p142124479.html?spid=142124480,520000,520000,520000,0.0,0,https://salt.tikicdn.com/cache/280x280/ts/product/29/c5/ef/c16dc708d56d4eb9d9897c1d7751b5bb.jpg,available,[],[],Nữ,Quần dài
142115658,8138603656014,Quần dài cạp cao size S,https://tiki.vn/product-p142115658.html?spid=142115659,520000,520000,520000,0.0,0,https://salt.tikicdn.com/cache/280x280/ts/product/1c/2e/98/2499272a30f8b4f36ba26d9d9efbe58f.jpg,available,[],[],Nữ,Quần dài
142100437,9307553917041,Quần dài cạp cao size S,https://tiki.vn/product-p142100437.html?spid=142100438,549000,549000,549000,0.0,0,https://salt.tikicdn.com/cache/280x280/ts/product/01/fd/cf/0e505e8e4e9c47b078699f0b48512503.jpg,available,[],[],Nữ,Quần dài
142112694,4650652120196,Quần dài cạp cao size S,https://tiki.vn/product-p142112694.html?spid=142112695,520000,520000,520000,0.0,0,https://salt.tikicdn.com/cache/280x280/ts/product/5b/3a/3d/0b0f05dc8d07ae15e1bf1189343f9fee.jpg,available,[],[],Nữ,Quần dài
142066372,9780546827007,Quần dài cạp cao size S,https://tiki.vn/product-p142066372.html?spid=142066373,520000,520000,520000,0.0,0,https://salt.tikicdn.com/cache/280x280/ts/product/26/41/10/ae6bfa57fb12b10c7cd6b150de11c045.jpg,available,[],[],Nữ,Quần dài
187826337,4456739896169,Quần dài nữ Taffeta Vạt đáp 2NDDATE TR017LF,https://tiki.vn/product-p187826337.html?spid=187826345,909300,909300,909300,0.0,0,https://salt.tikicdn.com/cache/280x280/ts/product/0b/bf/06/3cca9281ad6bbd343d7c2de002531361.jpg,available,['Light Fawn'],['S'],Nữ,Quần dài
142094796,2903679408459,Quần dài cạp cao size S,https://tiki.vn/product-p142094796.html?spid=142094797,520000,520000,520000,0.0,0,https://salt.tikicdn.com/cache/280x280/ts/product/20/0e/0e/027bf62b250b2bd184dede991119be61.jpg,available,[],[],Nữ,Quần dài
198283263,4512854167741,"Quần Dài Nữ Suông Thanh Lịch Trẻ Trung ,Có Túi Cạp Chun ,Dài 88cm Chất Đũi Đẹp, Mịn Thoáng Mát (40-65Kg)QA0098",https://tiki.vn/product-p198283263.html?spid=198283271,224000,224000,224000,5.0,3,https://salt.tikicdn.com/cache/280x280/ts/product/24/1c/34/a12f32209778b8d1a69e07a0dd572e89.jpg,available,"['Trắng', 'ĐEN']","['Freesize (48-64kg)', 'L (54-59kg)', 'M (48-53kg)', 'XL (60-64kg)']",Nữ,Quần dài
142102307,2428536604793,Quần dài cạp cao size M,https://tiki.vn/product-p142102307.html?spid=142102309,549000,549000,549000,0.0,0,https://salt.tikicdn.com/cache/280x280/ts/product/01/fd/cf/3d8a3c2babafac9840b9c07c7874bc50.jpg,available,[],[],Nữ,Quần dài
142097879,6222041246411,Quần dài cạp cao size M,https://tiki.vn/product-p142097879.html?spid=142097880,520000,520000,520000,0.0,0,https://salt.tikicdn.com/cache/280x280/ts/product/20/0e/0e/8fd21b8ac2f46dd3b45130745b7f866a.jpg,available,[],[],Nữ,Quần dài
142114016,2668078321020,Quần dài cạp cao size M,https://tiki.vn/product-p142114016.html?spid=142114017,520000,520000,520000,0.0,0,https://salt.tikicdn.com/cache/280x280/ts/product/5b/3a/3d/12660aebe2a55b8974be46688f3b9f58.jpg,available,[],[],Nữ,Quần dài
142127786,4554651927413,Quần dài cạp cao size M,https://tiki.vn/product-p142127786.html?spid=142127788,520000,520000,520000,0.0,0,https://salt.tikicdn.com/cache/280x280/ts/product/29/c5/ef/d45f092f69042804518ad3f6bf209b80.jpg,available,[],[],Nữ,Quần dài
275190603,5480524756604,"Quần dài nữ chất linen thô ,quần suông cạp chun lưng cao dễ mặc QD08",https://tiki.vn/product-p275190603.html?spid=275190605,299000,299000,299000,0.0,0,https://salt.tikicdn.com/cache/280x280/ts/product/17/bc/11/49252870478459865939a9d9ce5cf856.jpg,available,"['BE', 'Trắng']","['2XL', 'L', 'M', 'XL']",Nữ,Quần dài
34148555,1562411952952,"Đồ bộ ngủ nữ tay dài, quần dài",https://tiki.vn/product-p34148555.html?spid=51502055,200000,200000,200000,3.8,4,https://salt.tikicdn.com/cache/280x280/ts/product/3e/b1/13/a8ad00b62d5c859094f740cc74db34be.jpg,available,['Đỏ đô'],['L'],Nữ,Quần dài
142132285,3616455878913,Quần dài cạp cao size XL,https://tiki.vn/product-p142132285.html?spid=142132286,520000,520000,520000,0.0,0,https://salt.tikicdn.com/cache/280x280/ts/product/29/c5/ef/d5aebf6c8aeba243056d4b9fb8e21262.jpg,available,[],[],Nữ,Quần dài
160743896,1076356484840,"Quần Dài Nữ Xô Thun Ống Rộng Maxivic, La Mộc - LM92132Q",https://tiki.vn/product-p160743896.html?spid=160743900,549000,549000,549000,0.0,0,https://salt.tikicdn.com/cache/280x280/ts/product/b4/6d/3b/8ebd3b11f22886ee1ae5fdc21d7c59fe.jpg,available,"['L', 'M', 'XL']",[],Nữ,Quần dài
275752765,1262957063550,"Quần dài nữ ống rộng chất linen cao cấp thương hiệu Đũi Việt, hàng hot qd08",https://tiki.vn/product-p275752765.html?spid=275752768,260000,260000,260000,0.0,0,https://salt.tikicdn.com/cache/280x280/ts/product/d2/be/42/db342b79c6aa13b3aec36df869da3840.jpg,available,"['L', 'M', 'XL', 'XXL']",[],Nữ,Quần dài
82380713,3224683251332,"Quần Dài Thể Thao Nữ Tập Gym, Yoga",https://tiki.vn/product-p82380713.html?spid=82380743,200000,200000,200000,0.0,0,https://salt.tikicdn.com/cache/280x280/ts/product/53/80/61/22e9f6beffb72e354444929769d77962.jpg,available,"['Cam sượt', 'Tím']","['L', 'M', 'S', 'XL']",Nữ,Quần dài
188548625,5964280157376,QUẦN DÀI CẠP CAO H2C50 -XL,https://tiki.vn/product-p188548625.html?spid=188548630,479000,479000,479000,0.0,0,https://salt.tikicdn.com/cache/280x280/ts/product/41/87/74/f75f114734c30f29f2390ae9d7f9ac3c.jpg,available,[],[],Nữ,Quần dài
187686257,6639833574945,Quần dài thể thao nữ phối lưới LMcation Venus - Màu xám,https://tiki.vn/product-p187686257.html?spid=187686259,399000,399000,399000,0.0,0,https://salt.tikicdn.com/cache/280x280/ts/product/f3/48/74/71f825d5d175eeb22dd07a254ce01e4c.jpg,available,"['2XL', 'L', 'M', 'XL']",[],Nữ,Quần dài
176247148,9131770679921,Quần Dài Nhung Tím TARTAN - Velvet Pant / Purple / Best Seller ,https://tiki.vn/product-p176247148.html?spid=176247153,450000,450000,450000,0.0,0,https://salt.tikicdn.com/cache/280x280/ts/product/7b/8a/b5/3140eda2eab8c7e41cabad1b7d2a42a9.jpg,available,['S'],[],Nữ,Quần dài
92714621,7551320770680,Baciami-Quần Dài Ống Thụng Có Dây Kéo,https://tiki.vn/product-p92714621.html?spid=92714648,767000,767000,767000,0.0,0,https://salt.tikicdn.com/cache/280x280/ts/product/52/64/02/75aff9981623a0f448b034cdbed235d9.jpg,available,"['Vàng', 'Đen']","['M', 'S']",Nữ,Quần dài
274703161,1181557095685,QUẦN DÀI THỂ THAO THỜI TRANG ONWAYS NỮ WIDE LEG PANT W13043 WOMEN,https://tiki.vn/product-p274703161.html?spid=274703169,499000,499000,499000,0.0,0,https://salt.tikicdn.com/cache/280x280/ts/product/98/21/fa/332293245ace9c246e4b68666a65bb91.jpg,available,['Xám'],"['L', 'M']",Nữ,Quần dài
90981396,7040775638805,Quần Ống Rộng Cạp Cao thiết kế Giản Dị Quần Dài Màu Đen khoá sườn QT50,https://tiki.vn/product-p90981396.html?spid=90981398,249000,249000,249000,4.6,8,https://salt.tikicdn.com/cache/280x280/ts/product/ee/73/0e/6b728009cd181260da0e4d400f86f197.jpg,available,"['2XL', 'L', 'M', 'S', 'XL']",[],Nữ,Quần dài
191508660,7203692780445,Quần dài cạp cao H2C90,https://tiki.vn/product-p191508660.html?spid=191508665,479000,479000,479000,0.0,0,https://salt.tikicdn.com/cache/280x280/ts/product/14/58/36/cc284905eb21047f1b4bfc0324faaa3c.jpg,available,"['L', 'M']",[],Nữ,Quần dài
15923115,1752798581757,Quần dài Jogger thể thao nữ tập Gym 2 Sọc Sportslink,https://tiki.vn/product-p15923115.html?spid=36582842,100000,100000,100000,3.3,3,https://salt.tikicdn.com/cache/280x280/ts/product/b8/2b/32/d66cbfe42ea39a84cfe32fea5080c10d.jpg,available,['Hồng'],['XXL'],Nữ,Quần dài
274703048,2566410414382,QUẦN DÀI THỂ THAO THỜI TRANG ONWAYS NỮ WIDE LEG PANT W13018 WOMEN,https://tiki.vn/product-p274703048.html?spid=274703050,499000,499000,499000,0.0,0,https://salt.tikicdn.com/cache/280x280/ts/product/4f/94/f8/37829a4de8707e3f90e4dead85bae57e.jpg,available,"['Trắng', 'Đen']","['L', 'M', 'S']",Nữ,Quần dài
187825928,4492028242494,Quần dài kiểu màu be 2NDDATE TR019G,https://tiki.vn/product-p187825928.html?spid=187825944,1199000,1199000,1199000,0.0,0,https://salt.tikicdn.com/cache/280x280/ts/product/a4/c2/ac/aa12ef4452c4e053c6a734b158261106.jpg,available,"['S', 'XS']",[],Nữ,Quần dài
274970548,9982313320758,Quần dài thể thao nữ tự sinh nhiệt đốt cháy calo chất liệu đàn hồi,https://tiki.vn/product-p274970548.html?spid=274970552,95000,95000,95000,0.0,0,https://salt.tikicdn.com/cache/280x280/ts/product/cc/a7/2b/e68affad476c3074f5ade2e625c44ef2.png,available,"['L', 'M']",[],Nữ,Quần dài
176725455,2580165269939,Quần dài culottes ODS xếp ly trước ,https://tiki.vn/product-p176725455.html?spid=176725461,345000,345000,345000,0.0,0,https://salt.tikicdn.com/cache/280x280/ts/product/31/4f/12/9e74604aae423e0b19fc9b392abb1858.jpg,available,"['Hồng', 'Xanh rêu']","['L', 'M']",Nữ,Quần dài
168712197,5482291781434,Quần dài nỉ bông Forever 21,https://tiki.vn/product-p168712197.html?spid=168712203,300000,300000,300000,0.0,0,https://salt.tikicdn.com/cache/280x280/ts/product/a3/5d/92/9160335afe74ab451848eb41eec313cd.jpg,available,"['L', 'M', 'S']",[],Nữ,Quần dài
275742491,8074389729830,"Quần dài ống rộng cạp cao lưng thun  mẫu mới về, QD08",https://tiki.vn/product-p275742491.html?spid=275742493,260000,260000,260000,0.0,0,https://salt.tikicdn.com/cache/280x280/ts/product/27/fd/7d/f3c511bb9f489ab8c41e981b0eaffffc.jpg,available,"['L', 'M', 'XL', 'XXL']",['Trắng'],Nữ,Quần dài
271759974,3003298170012,"Quần dài suông linen Hàn, ống đứng cạp cao lưng thun dành cho nữ Đũi Việt",https://tiki.vn/product-p271759974.html?spid=271759976,299000,299000,299000,0.0,0,https://salt.tikicdn.com/cache/280x280/ts/product/c2/83/8f/eba3c447710150ba5e342669f4941896.jpg,available,"['2XL', 'L', 'M', 'XL']",[],Nữ,Quần dài
276273187,5114205097480,Quần dài dệt kim ống suông cạp chun teen girl CHIHO TJO402R size XS-L,https://tiki.vn/product-p276273187.html?spid=276273189,245000,245000,245000,0.0,0,https://salt.tikicdn.com/cache/280x280/ts/product/3a/f7/68/7299a13129ca0c346da5ac767c685c53.jpg,available,"['Màu đen', 'màu be']","['L: 54-62kg', 'M 48-55kg', 'S 42-48kg', 'XS']",Nữ,Quần dài
274240289,8610120265724,Quần dài thời trang Nữ NIKE AS W NSW ESSNTL WVN HR PNT CAR,https://tiki.vn/product-p274240289.html?spid=274240567,1903700,1903700,1903700,0.0,0,https://salt.tikicdn.com/cache/280x280/ts/product/35/12/3f/1c7bd1aacf5085b640bfb20397c0cbad.jpg,available,['LT OREWOOD BRN/SAIL'],"['L', 'S', 'XL', 'XS']",Nữ,Quần dài
157347904,5723596875613,Bộ tay dài quần dài dễ thương,https://tiki.vn/product-p157347904.html?spid=186312695,290000,290000,290000,3.7,3,https://salt.tikicdn.com/cache/280x280/ts/product/69/3b/67/623be61ad84bd459ca6cb14995d12733.jpg,available,['MÀU 15'],[],Nữ,Quần dài
176247058,7591657688127,Quần Dài Nhung Vàng TARTAN - Velvet Pant / Yellow / Best Seller ,https://tiki.vn/product-p176247058.html?spid=176247070,405000,405000,405000,0.0,0,https://salt.tikicdn.com/cache/280x280/ts/product/cb/0b/cb/9822d7a76cd3e0333bdbe16e8503906f.jpg,available,"['L', 'M']",[],Nữ,Quần dài
52151165,5973962547652,Quần dài thể thao nữ phối lưới cạp cao Sportslink YY8878,https://tiki.vn/product-p52151165.html?spid=52151172,110000,110000,110000,1.0,1,https://salt.tikicdn.com/cache/280x280/ts/product/d2/02/55/9cdb20edd004e79c925f4455e7310b3c.jpg,available,"['L', 'M', 'S']",[],Nữ,Quần dài
176247205,4071961965688,Quần Dài Họa Tiết TARTAN - 'Lời Hứa...' Pant / Tartan Pattern,https://tiki.vn/product-p176247205.html?spid=176247209,554000,554000,554000,0.0,0,https://salt.tikicdn.com/cache/280x280/ts/product/0b/1b/eb/a1bc518310832dd44f23684d89b504c1.jpg,available,"['L', 'M', 'S']",[],Nữ,Quần dài
115885692,3581508641266,Quần Dài Nỉ NOWSAIGON Tag Sweatpants,https://tiki.vn/product-p115885692.html?spid=115885699,486000,486000,486000,5.0,2,https://salt.tikicdn.com/cache/280x280/ts/product/b8/29/b8/e3866d1d07f9750186f11ab257057407.jpg,available,"['HỒNG', 'KEM', 'XANH DƯƠNG', 'ĐEN']","['L', 'M', 'S']",Nữ,Quần dài
148081335,8391220864763,Quần Dài Thun RANV RBAE BLESSED Đen,https://tiki.vn/product-p148081335.html?spid=148081339,400000,400000,400000,0.0,0,https://salt.tikicdn.com/cache/280x280/ts/product/d4/88/b4/bbab5b7b2bd440feb715701de2db739a.jpg,available,['XL'],[],Nữ,Quần dài
275752852,5728767385183,"Quần dài ống suông hottrend 2025 với thiết kế trẻ trung, thỏa mái vận động và làm việc QD09",https://tiki.vn/product-p275752852.html?spid=275752854,260000,260000,260000,0.0,0,https://salt.tikicdn.com/cache/280x280/ts/product/d9/ce/f0/fe0620ab783e56922d6278d1b80b93c5.jpg,available,"['L', 'M', 'XL', 'XXL']",[],Nữ,Quần dài
187608276,6324563676695,Quần dài đa năng LMcation Dani - Màu xanh dương,https://tiki.vn/product-p187608276.html?spid=193988590,299000,299000,299000,0.0,0,https://salt.tikicdn.com/cache/280x280/ts/product/77/5d/b5/da2ccc1e68f83a55937e5a7b17c1e006.jpg,available,"['L', 'S', 'XL']",[],Nữ,Quần dài
193900724,3390816867284,Quần dài nỉ trơn màu xám Tum Machines BLANK PANT - Grey,https://tiki.vn/product-p193900724.html?spid=193900731,480000,480000,480000,0.0,0,https://salt.tikicdn.com/cache/280x280/ts/product/96/57/2e/205c0aabe7c4bacfc0a2019b852cd97d.jpg,available,"['L', 'S']",[],Nữ,Quần dài
176247057,8947836887904,Quần Dài Nhung Cam TARTAN - Velvet Pant / Orange / Best Seller ,https://tiki.vn/product-p176247057.html?spid=176247061,450000,450000,450000,0.0,0,https://salt.tikicdn.com/cache/280x280/ts/product/e1/ff/a0/245bcb2f9b6efdcaed8b54ff9856db74.jpg,available,"['L', 'M', 'S']",[],Nữ,Quần dài
271790847,4340087899932,"Quần dài ống suông vải Linen thời trang nữ công sở, màu xanh trẻ trung Đũi Việt",https://tiki.vn/product-p271790847.html?spid=271790849,249000,249000,249000,0.0,0,https://salt.tikicdn.com/cache/280x280/ts/product/a8/8f/1e/ced95bf62deb6119085f5791f115edbc.jpg,available,"['L', 'M', 'XL', 'XXL']",[],Nữ,Quần dài
187618406,7766493599833,Quần dài đa năng LMcation Dani - Màu đen,https://tiki.vn/product-p187618406.html?spid=187618408,299000,299000,299000,0.0,0,https://salt.tikicdn.com/cache/280x280/ts/product/36/c3/a1/3e6a608acde8fe8208d11914a85f8fa4.jpg,available,['M'],[],Nữ,Quần dài
193900894,5722132892811,Quần dài nỉ trơn màu nâu Tum Machines BLANK PANT - Earth,https://tiki.vn/product-p193900894.html?spid=193900898,336000,336000,336000,0.0,0,https://salt.tikicdn.com/cache/280x280/ts/product/68/0c/7a/6a146f3c6ae59a257357de493ff97a06.jpg,available,"['L', 'M', 'S']",[],Nữ,Quần dài
263491605,7448130075847,Quần dài nhanh khô nữ Columbia Hike™ - 2012552010,https://tiki.vn/product-p263491605.html?spid=263491607,1190000,1190000,1190000,0.0,0,https://salt.tikicdn.com/cache/280x280/ts/product/55/c6/d5/abf67108de9c5538ccbaa4d976e7b909.jpg,available,['2012552010'],"['M', 'S']",Nữ,Quần dài
206203355,4638858866054,quần dài cạp cao JFF HIGH- RISE AIRFIT LEGGING,https://tiki.vn/product-p206203355.html?spid=206203357,879000,879000,879000,0.0,0,https://salt.tikicdn.com/cache/280x280/ts/product/c4/c2/7d/d8da45d2144b1586b9872959ae3e1bed.jpg,available,"['PINK CRUSH', 'PINK PEONY', 'RICH NAVY']","['M', 'S', 'Size L', 'Size XL']",Nữ,Quần dài
187608631,3735980184575,Quần dài đa năng LMcation Dana - Màu xanh dương,https://tiki.vn/product-p187608631.html?spid=187608633,299000,299000,299000,0.0,0,https://salt.tikicdn.com/cache/280x280/ts/product/e3/80/2d/c57afa7ce1530f663bfdaf2959703f8d.jpg,available,"['L', 'M', 'S', 'XL']",[],Nữ,Quần dài
58324854,5012627940831,Bộ đồ pijama nữ quần dài và áo tay dài C093,https://tiki.vn/product-p58324854.html?spid=58324856,157000,157000,157000,4.5,38,https://salt.tikicdn.com/cache/280x280/ts/product/90/73/a6/52b36cb05a3748b9745b3833260be9f5.jpg,available,"['HỒNG', 'TÍM', 'XANH DƯƠNG', 'XÁM', 'ĐỎ']","['L', 'M', 'XL', 'XXL']",Nữ,Quần dài
5789017,4409559081823,Quần Dài Không Li De Leah - Cam Nâu,https://tiki.vn/product-p5789017.html?spid=5789033,750000,750000,750000,5.0,1,https://salt.tikicdn.com/cache/280x280/ts/product/99/4b/75/8b3726747c01c2f2f788ef16e5638550.jpg,available,['XL'],[],Nữ,Quần dài
270969390,9671155696137,Quần dài Kaki cao cấp,https://tiki.vn/product-p270969390.html?spid=270969394,795000,795000,795000,0.0,0,https://salt.tikicdn.com/cache/280x280/ts/product/14/9b/ed/9d46312596102ab15d9b1aafa35b169b.jpg,available,"['32', '33']",[],Nữ,Quần dài
206607809,2539396942645,QUẦN DÀI ỐNG LOE CẠP CAO CAO CẤP JFF,https://tiki.vn/product-p206607809.html?spid=206607813,829000,829000,829000,0.0,0,https://salt.tikicdn.com/cache/280x280/ts/product/f2/48/20/d64aab7ec92840b628c05bf2468ea165.jpg,available,"['MÀU ĐEN', 'RED MERLOT']","['L', 'M', 'S', 'XS']",Nữ,Quần dài
5501159,8464080035086,Quần Dài Không Li De Leah - Xanh Navy,https://tiki.vn/product-p5501159.html?spid=5501163,750000,750000,750000,4.0,3,https://salt.tikicdn.com/cache/280x280/ts/product/36/3f/95/a947cc7bd1818d466569b05e1834b7ac.jpg,available,['S'],[],Nữ,Quần dài
275921143,3851266539519,Bộ dành cho nữ gồm 1 áo sơ mi dài tay và 1 quần dài ống rộng có dây rút BV08,https://tiki.vn/product-p275921143.html?spid=275921145,499000,499000,499000,0.0,0,https://salt.tikicdn.com/cache/280x280/ts/product/5b/9d/80/19e6ac3bfde2f204067f0eaac2712d6d.jpg,available,"['Màu Be', 'Màu Xám', 'bộ trắng']","['2XL', 'L', 'M', 'XL']",Nữ,Quần dài
275742850,2424849059578,Quần dài linen ống rộng lưng cao YOLINEN cạp thun cột dây cao cấp nhiều màu QD08,https://tiki.vn/product-p275742850.html?spid=275742852,260000,260000,260000,0.0,0,https://salt.tikicdn.com/cache/280x280/ts/product/cc/13/5c/d97912096bb18df097bbd3d7afb60765.jpg,available,"['L', 'M', 'XL', 'XXL']",[],Nữ,Quần dài
79270412,6725858925536,Quần dài thể thao phối lưới LMcation Venus - Màu tím,https://tiki.vn/product-p79270412.html?spid=79270422,399000,399000,399000,0.0,0,https://salt.tikicdn.com/cache/280x280/ts/product/ee/b3/24/5654bfe7e4fc2ade207c512e9bdf08d5.jpg,available,"['M', 'S', 'XL', 'XXL']",[],Nữ,Quần dài
80701190,5220240284409,Quần dài thể thao phối lưới LMcation Venus - Màu đen,https://tiki.vn/product-p80701190.html?spid=80701232,399000,399000,399000,0.0,0,https://salt.tikicdn.com/cache/280x280/ts/product/43/f8/3b/a03164d54f866b96add39826c702717a.jpg,available,"['L', 'M', 'S', 'XL', 'XXL']",[],Nữ,Quần dài
115886012,3207095347707,Quần dài NOWSAIGON Khaki Pants,https://tiki.vn/product-p115886012.html?spid=115886262,420000,420000,420000,0.0,0,https://salt.tikicdn.com/cache/280x280/ts/product/28/e0/52/890ec6a8bf112204b36d3eb38c2e5365.jpg,available,['ĐEN'],['L'],Nữ,Quần dài
263491629,1411371587297,Quần dài thể thao nữ Columbia Boundless Trek™ - 2033513466,https://tiki.vn/product-p263491629.html?spid=263491633,1290000,1290000,1290000,0.0,0,https://salt.tikicdn.com/cache/280x280/ts/product/80/bc/2f/2608e7d25e7bf8ca1cbee24594bcfa1d.jpg,available,['2033513466'],"['L', 'M', 'S', 'XL', 'XS']",Nữ,Quần dài
197378251,8275812092645,"Quần dài nữ đánh Golf chính hãng TYDJ - KUZ828 - Chất liệu sợi Sợi polyester + Spandex cao cấp, bền đẹp",https://tiki.vn/product-p197378251.html?spid=197378274,2450000,2450000,2450000,0.0,0,https://salt.tikicdn.com/cache/280x280/ts/product/1f/f4/22/767f75179be2d6a93dd703546ec0ac3d.jpg,available,"['Trắng', 'Xanh', 'Đen']","['L', 'M', 'S', 'XL', 'XXL']",Nữ,Quần dài
130974966,6009409589110,Quần dài gái in hình hoạt họa dễ thương dn21101802,https://tiki.vn/product-p130974966.html?spid=130974967,59000,59000,59000,0.0,0,https://salt.tikicdn.com/cache/280x280/ts/product/1b/a5/a9/c74e2c7baa8d5218905deb3db58d08b3.jpg,available,[],[],Nữ,Quần dài
66230297,9549466194928,Quần Dài Cạp Cao tập yoga ,https://tiki.vn/product-p66230297.html?spid=66230305,479000,479000,479000,4.5,2,https://salt.tikicdn.com/cache/280x280/ts/product/75/ad/64/cf74f411cc2b776e4f848c5fe3b62ea8.jpg,available,"['Hồng Mận', 'Hồng Nhạt', 'Tím Lợt', 'Xám Chì']","['L', 'M', 'S', 'XL']",Nữ,Quần dài
82380998,4422322874657,"Quần Dài Lưng Cao Tập Gym, Yoga",https://tiki.vn/product-p82380998.html?spid=82381159,200000,200000,200000,4.0,2,https://salt.tikicdn.com/cache/280x280/ts/product/9a/d2/f9/5ea27ad49ffb5afa1d826752d661f0f8.jpg,available,"['Hoa Văn Tím', 'Hoa Văn Xanh', 'Tím']","['L', 'M', 'S', 'XL']",Nữ,Quần dài
275194180,3834663552156,Quần dài suông linen thô cao cấp đũng ngắn lưng thun (Be Sáng),https://tiki.vn/product-p275194180.html?spid=275194182,349000,349000,349000,0.0,0,https://salt.tikicdn.com/cache/280x280/ts/product/24/27/50/fb7545efe1840672e9288d7eba3483a1.jpg,available,"['L', 'M', 'XL', 'XXL']",[],Nữ,Quần dài
275193952,7843151306890,Quần dài suông linen thô cao cấp đũng ngắn lưng thun (Be Sáng),https://tiki.vn/product-p275193952.html?spid=275227904,299000,299000,299000,0.0,0,https://salt.tikicdn.com/cache/280x280/ts/product/be/ea/60/4d68285a51cb07abdf8cbcb3cf1f8445.jpg,available,"['L', 'M', 'XL', 'XXL']",[],Nữ,Quần dài
230364960,9947329995699,"quần ống rộng nữ nam chữ C vải tổ ong, quần dài thể thao unisex năng động",https://tiki.vn/product-p230364960.html?spid=230364962,79000,79000,79000,0.0,0,https://salt.tikicdn.com/cache/280x280/ts/product/60/28/d3/ec6601c20fd7195f1b20034c27633911.jpg,available,"['MÀU XANH', 'Màu đen', 'Trắng', 'Xám']","['L&lt;62kg', 'M&lt;52kg', 'XL&lt;72kg']",Nữ,Quần dài
67594700,8553103709155,"Đồ bộ cototn nữ họa tiết thêu , quần dài - Siêu Rẻ Đẹp",https://tiki.vn/product-p67594700.html?spid=73864463,99000,99000,99000,3.6,7,https://salt.tikicdn.com/cache/280x280/ts/product/45/55/32/cf0c0ac277ae5247d06638b4cec746f7.jpg,available,"['Hồng', 'Xám', 'Đen', 'Đỏ']","['M:40~50kg', 'XL:49~55kg', 'XXL:54~64kg']",Nữ,Quần dài
275194005,1527152725681,Quần dài suông linen thô cao cấp đũng ngắn lưng thun,https://tiki.vn/product-p275194005.html?spid=275227937,269000,269000,269000,0.0,0,https://salt.tikicdn.com/cache/280x280/ts/product/24/27/50/23f58d5d56e71a0e78cfae9bef62f630.jpg,available,"['L', 'M', 'XL', 'XXL']",[],Nữ,Quần dài
69612444,2269924177559,Đồ bộ nữ quần dài caro áo thiêu chữ chất liệu cotton 1841,https://tiki.vn/product-p69612444.html?spid=76475102,99000,99000,99000,3.2,6,https://salt.tikicdn.com/cache/280x280/ts/product/52/c8/eb/523f404107a793fa8fe0d793c188800d.jpg,available,"['Cam', 'Hồng', 'Xanh', 'Đen', 'Đỏ']","['M', 'XL', 'XXL']",Nữ,Quần dài
197378354,5739609938912,"Quần dài nữ đánh Golf chính hãng TYDJ - KUZ826 - Chất liệu sợi Sợi polyester + Spandex cao cấp, bền đẹp",https://tiki.vn/product-p197378354.html?spid=197378373,1650000,1650000,1650000,0.0,0,https://salt.tikicdn.com/cache/280x280/ts/product/6e/61/9e/91a357d8a68f676b4f0f94705b1311ea.jpg,available,"['Hồng', 'Trắng', 'Xanh']","['L', 'M', 'S', 'XL', 'XS']",Nữ,Quần dài
188427246,8663907491910,Quần Dài Legging Cạp Cao Nữ Tập Gym Yoga CH117,https://tiki.vn/product-p188427246.html?spid=188427254,205000,205000,205000,0.0,0,https://salt.tikicdn.com/cache/280x280/ts/product/40/96/55/ce3409819f2c92d61e2c9983ca629bc0.jpg,available,"['Cam', 'XANH RÊU', 'Xanh Đen', 'Đen']","['L', 'M', 'S', 'XL']",Nữ,Quần dài
192971794,9211783753031,Quần Dài Legging Cạp Cao Nữ Tập Gym Yoga CH117,https://tiki.vn/product-p192971794.html?spid=192971820,205000,205000,205000,0.0,0,https://salt.tikicdn.com/cache/280x280/ts/product/03/f1/51/9a94bf151679150f713fec4c5a6d5e3f.jpg,available,"['Cam', 'Xanh Rêu', 'Xanh Đen', 'Đen']","['L', 'M', 'S', 'XL']",Nữ,Quần dài
197377490,3849326717224,"Quần dài nữ đánh Golf chính hãng PGM - KUZ112 - Chất liệu 77 % nylon + 23% sapndex cao cấp, bền đẹp",https://tiki.vn/product-p197377490.html?spid=197377507,2650000,2650000,2650000,0.0,0,https://salt.tikicdn.com/cache/280x280/ts/product/90/20/b6/8937a458c9c4b711a2312a1e6034fd29.jpg,available,"['Khaki', 'Xanh than', 'Đen']","['L', 'M', 'S', 'XL']",Nữ,Quần dài
73133111,4858929634853,Set bộ áo và quần dài cá tính BY44844,https://tiki.vn/product-p73133111.html?spid=75382776,195000,195000,195000,0.0,0,https://salt.tikicdn.com/cache/280x280/ts/product/77/23/b3/c13fa59471a0ee318a9e1d42bb687350.jpg,available,['XXL'],['Họa tiết'],Nữ,Quần dài
186236538,7046950843851,Quần dài thể thao nữ Lfc Ynwa Cargo - Liverpool Fc - A15715,https://tiki.vn/product-p186236538.html?spid=186236544,1890000,1890000,1890000,0.0,0,https://salt.tikicdn.com/cache/280x280/ts/product/03/c1/55/24339f62b9955e9e4e644f4aad40d062.png,available,['BLACK'],"['10', '12', '14']",Nữ,Quần dài
148081343,3505371734090,Quần Dài RANV RBAE CALF-ZIP Đen,https://tiki.vn/product-p148081343.html?spid=148081364,650000,650000,650000,0.0,0,https://salt.tikicdn.com/cache/280x280/ts/product/80/80/cf/414f7284ec0b838090d4bf0196d7b807.jpg,available,"['L', 'XL']",[],Nữ,Quần dài
245787260,5972122603140,Quần dài suông đũi thô cao cấp đũng ngắn lưng thun (Be Sẫm) - Đũi Việt,https://tiki.vn/product-p245787260.html?spid=245787262,249000,249000,249000,0.0,0,https://salt.tikicdn.com/cache/280x280/ts/product/87/cb/b2/83af56873b223ef86bc74c376de1142c.jpg,available,"['Be sẫm', 'Màu Trắng', 'Màu Đen']","['L', 'M', 'S', 'XL']",Nữ,Quần dài
67026186,2361586170234,Set Áo Quần Dài Thun Thể Thao ANN2083,https://tiki.vn/product-p67026186.html?spid=74677288,219000,219000,219000,0.0,0,https://salt.tikicdn.com/cache/280x280/ts/product/3b/3b/ec/befeacedebd07f0af0158ee0e7f74bad.jpg,available,"['L', 'M', 'XL', 'XXL']",[],Nữ,Quần dài
275797222,1832936092158,Quần Dài Hoa Cotton Cao Cấp Luna Llena,https://tiki.vn/product-p275797222.html?spid=275797227,899000,1300000,1300000,0.0,0,https://salt.tikicdn.com/cache/280x280/ts/product/13/87/4f/5c1b19f34b730630ebfb961ae557e6b6.jpg,available,['M'],[],Nữ,Quần dài
150559735,4301679336414,QUẦN DÀI GOLF NỮ - PGM - KUZ094,https://tiki.vn/product-p150559735.html?spid=150559737,1650000,1650000,1650000,0.0,0,https://salt.tikicdn.com/cache/280x280/ts/product/cc/c0/0e/9b20aba75aa82789de9f22b9f0893cff.jpg,available,"['Trắng', 'ĐỎ']",['S'],Nữ,Quần dài
275797262,2780498037167,Quần Dài Hoa Cotton Cao Cấp Luna Llena,https://tiki.vn/product-p275797262.html?spid=275797267,899000,1300000,1300000,0.0,0,https://salt.tikicdn.com/cache/280x280/ts/product/82/b7/0b/75affd2cf8e9837cf3f84e4e3043f2c2.jpg,available,['M'],[],Nữ,Quần dài
75180821,5349662149746,Đồ bộ mặc nhà tay dài quần dài kèm túi rút hàng đẹp C032,https://tiki.vn/product-p75180821.html?spid=75180827,189000,189000,189000,5.0,1,https://salt.tikicdn.com/cache/280x280/ts/product/c5/f2/43/9f0c538a3349b8285dda8aa39926c202.jpg,available,['Đỏ'],"['L', 'XL']",Nữ,Quần dài
222658596,6315420856170,Quần dài Pants unisex Local Brand BYS - NHUNG LINE,https://tiki.vn/product-p222658596.html?spid=222658598,420000,420000,420000,0.0,0,https://salt.tikicdn.com/cache/280x280/ts/product/56/f7/42/187ee0ba052b7cfb76bb93326e00a9c8.JPG,available,"['Xám', 'Đen']","['L', 'M', 'XL']",Nữ,Quần dài
124874229,1380230788523,Có size đến 85kg-Đồ bộ mặc ở nhà cho nữ quần dài co giãn thoáng mát,https://tiki.vn/product-p124874229.html?spid=154126265,99000,99000,99000,3.7,11,https://salt.tikicdn.com/cache/280x280/ts/product/dc/6d/5b/fa4a5a6ac38c49896681d859c9d2a87d.jpg,available,"['Màu hồng cam', 'Màu hồng đất', 'Màu xanh', 'Màu đỏ đô']","['2XL', 'M', 'XL']",Nữ,Quần dài
150559296,3396584430250,QUẦN DÀI GOLF NỮ - PGM - KUZ093,https://tiki.vn/product-p150559296.html?spid=150559298,1650000,1650000,1650000,5.0,1,https://salt.tikicdn.com/cache/280x280/ts/product/7e/bf/31/bb48b08e521a7757229abc3e3e0314ec.jpg,available,['Đen'],['XS'],Nữ,Quần dài
106756720,3252272966919,Đồ bộ thể thao nữ tay ngắn quần dài,https://tiki.vn/product-p106756720.html?spid=106756740,330000,330000,330000,0.0,0,https://salt.tikicdn.com/cache/280x280/ts/product/f6/3d/a8/2e4e00698dc4dc88a76fea872f052690.jpg,available,['xanh'],['L'],Nữ,Quần dài
148090558,9873139723443,Quần Dài RANV RBAE MOSS & GRASS Rêu,https://tiki.vn/product-p148090558.html?spid=148090596,650000,650000,650000,0.0,0,https://salt.tikicdn.com/cache/280x280/ts/product/7f/a9/0e/1ff518526903f358605e7605da54a010.jpg,available,"['L', 'XL']",[],Nữ,Quần dài
201853724,4557838894487,Quần dài thời trang nữ Ellesse Forest-Noora Camo - 620617,https://tiki.vn/product-p201853724.html?spid=201853728,1199000,1199000,1199000,0.0,0,https://salt.tikicdn.com/cache/280x280/ts/product/01/23/d0/9fdb42448788a02ff5a0256879d7baa4.jpg,available,['PURPLE'],"['6', '8']",Nữ,Quần dài
118209294,6530765935826,Quần dài cho bé gái NH09-16 Trắng,https://tiki.vn/product-p118209294.html?spid=118209312,26000,26000,26000,3.0,2,https://salt.tikicdn.com/cache/280x280/ts/product/49/b4/c8/e2f15f3db80d9851edc7d1d0f799e0cf.jpg,available,['Màu trắng'],['0-1 tháng'],Nữ,Quần dài
271240228,3558335141408,Quần dài thể thao Nữ NIKE AS W NK ONE DF HR 7/8 TIGHT,https://tiki.vn/product-p271240228.html?spid=271240230,699000,1324500,1324500,5.0,1,https://salt.tikicdn.com/cache/280x280/ts/product/ac/c0/aa/4d3e95494261ae13991837c136d3b9cd.jpg,available,['BLACK/WHITE'],"['L', 'S', 'XL']",Nữ,Quần dài
263491547,4896081461918,Quần dài thể thao nữ Columbia Silver Ridge Utility™ Convertible - 2037613397,https://tiki.vn/product-p263491547.html?spid=263491549,1990000,1990000,1990000,0.0,0,https://salt.tikicdn.com/cache/280x280/ts/product/21/8a/61/87f67fe0b666a24ea6affd6aeeaa2f7f.jpg,available,['2037613397'],"['10', '12', '4', '6', '8']",Nữ,Quần dài
150559038,9213358685955,QUẦN DÀI GOLF NỮ - PGM - KUZ045,https://tiki.vn/product-p150559038.html?spid=150559040,1650000,1650000,1650000,5.0,1,https://salt.tikicdn.com/cache/280x280/ts/product/70/ed/d8/81b722ca9fb890db8ed469fb16f63f64.jpg,available,"['Trắng', 'TÍM THAN', 'Đen', 'ĐỎ']","['L', 'M', 'S']",Nữ,Quần dài
274373766,3092945415037,"Đồ bộ nữ mặc nhà, áo cộc tay quần dài vải kate",https://tiki.vn/product-p274373766.html?spid=274373768,180000,180000,180000,2.0,1,https://salt.tikicdn.com/cache/280x280/ts/product/00/cc/92/80fffba4f520f302d14a3eb04632ba81.jpg,available,"['Hoa nhí', 'Hoa Đỏ', 'Trắng']","['L', 'M', 'S', 'XL']",Nữ,Quần dài
222659038,5993655478709,Quần dài Pants unisex Local Brand BYS - BASIC LINE,https://tiki.vn/product-p222659038.html?spid=222659040,370000,370000,370000,0.0,0,https://salt.tikicdn.com/cache/280x280/ts/product/07/e1/d7/cf679f1da2ca61539f2aca90546a1740.jpg,available,"['Xám', 'Đen']","['L', 'M', 'XL']",Nữ,Quần dài
100513798,1149813943089,Bikini tay dài quần dài Merciel đen,https://tiki.vn/product-p100513798.html?spid=100513942,320000,320000,320000,0.0,0,https://salt.tikicdn.com/cache/280x280/ts/product/fc/19/90/6f9d523618881856ed23038acddb21da.jpg,available,"['2XL', 'L', 'XL']",[],Nữ,Quần dài
196673843,3650167526190,Quần Dài Legging Cạp Cao Nữ Tập Gym Yoga Nâng Mông Tôn Vòng 3 CH126,https://tiki.vn/product-p196673843.html?spid=196673846,195000,195000,195000,0.0,0,https://salt.tikicdn.com/cache/280x280/ts/product/fe/80/68/630774c952e38ce7cc1eee53b2ec6be6.jpg,available,"['Họa Tiết Sọc', 'Họa Tiết Tam Giác', 'Nâu', 'Xanh', 'Xám', 'Đen', 'Đỏ']","['L', 'M', 'S', 'XL']",Nữ,Quần dài
270741734,3479548616732,Bộ lụa quần dài siêu xinh size S M L,https://tiki.vn/product-p270741734.html?spid=270741741,120000,120000,120000,0.0,0,https://salt.tikicdn.com/cache/280x280/ts/product/8a/f8/06/0ebceb9bae73bca33d654e8abce5ff4b.jpg,available,['Hồng'],"['L', 'M']",Nữ,Quần dài
4401897,7599309012010,Quần Dài Jogger Nam form rộng 1060,https://tiki.vn/product-p4401897.html?spid=4401901,119000,119000,119000,4.3,3,https://salt.tikicdn.com/cache/280x280/ts/product/55/cf/27/6f2eaca0369ba8dc4789f9b8d0f35261.jpg,available,['Size M'],[],Nữ,Quần dài
222658404,9795699943254,Quần dài Pants unisex Local Brand BYS - BASIC,https://tiki.vn/product-p222658404.html?spid=222658406,370000,370000,370000,0.0,0,https://salt.tikicdn.com/cache/280x280/ts/product/44/ce/ed/831bdaecbfe869473c020520d9df3785.jpg,available,"['Xám', 'Đen']","['L', 'M', 'XL']",Nữ,Quần dài
222658488,3272170340692,Quần dài Pants unisex Local Brand BYS - NHUNG FULL LOGO,https://tiki.vn/product-p222658488.html?spid=222658490,420000,420000,420000,0.0,0,https://salt.tikicdn.com/cache/280x280/ts/product/50/0e/23/594e0c00da5356936e5bb8364a285d47.JPG,available,"['Xám', 'Đen']","['L', 'M', 'XL']",Nữ,Quần dài
69625268,3967115596620,Đồ bộ nữ quần dài áo thiêu hoa trước sau xẻ tà 1411,https://tiki.vn/product-p69625268.html?spid=90584021,99000,99000,99000,5.0,2,https://salt.tikicdn.com/cache/280x280/ts/product/13/df/12/5a83bc0de30f21e80f2ae7ab33ab2df5.jpg,available,"['Vàng', 'Đỏ']","['XL', 'XXL']",Nữ,Quần dài
115657761,9189317187733,Dây xích 1-3 lớp phối quần jeans quần dài thời trang cá tính,https://tiki.vn/product-p115657761.html?spid=115657763,102000,102000,102000,0.0,0,https://salt.tikicdn.com/cache/280x280/ts/product/b2/d8/d0/ffa97b50f44240defd3863766184dd4b.jpg,available,"['1', '2', '3']",[],Nữ,Quần dài
190155812,4950204174105,Quần jean nữ boyfriend baggy trơn dài đen và trắng co giãn HQJEANS,https://tiki.vn/product-p190155812.html?spid=190155814,350000,350000,350000,5.0,3,https://salt.tikicdn.com/cache/280x280/ts/product/a4/f9/be/f83fb1d336fdc00ca03ccef5b3730620.jpg,available,"['Trắng', 'Đen']","['26', '27', '28', '29', '30']",Nữ,Quần dài
276928274,2296697960120,Quần Dài DirtyCoins Sweatpants DirtyCoins Star,https://tiki.vn/product-p276928274.html?spid=276928276,590000,590000,590000,0.0,0,https://salt.tikicdn.com/cache/280x280/ts/product/83/c1/0f/dc75f4435d048463f896d4e96a2a2964.jpg,available,"['BLACK', 'Baby Blue']","['L', 'M', 'XL']",Nữ,Quần dài
149847593,3690168652639,QUẦN DÀI GOLF NỮ - PGM - KUZ068,https://tiki.vn/product-p149847593.html?spid=149848213,2250000,2250000,2250000,0.0,0,https://salt.tikicdn.com/cache/280x280/ts/product/29/3e/1b/d32360caeef1aef864d44d30a9942649.jpg,available,['Trắng'],['L'],Nữ,Quần dài
155352495,2737466729919,"Đồ Bộ Mặc Nhà Nữ Quần Dài Chấm Bi Maxivic, La Mộc - MM112113",https://tiki.vn/product-p155352495.html?spid=155352522,399000,399000,399000,0.0,0,https://salt.tikicdn.com/cache/280x280/ts/product/54/6c/0e/6de27171f20dd04df304ccb515832586.jpg,available,"['L', 'M', 'S']",[],Nữ,Quần dài
18013163,4938409963410,Quần dài jogger nam viền đánh bông 1060,https://tiki.vn/product-p18013163.html?spid=18013171,85500,85500,85500,4.2,18,https://salt.tikicdn.com/cache/280x280/ts/product/cb/21/67/53b332a7441e5cd6a89373f4b9b2434d.JPG,available,"['xám', 'đen']","['size L', 'size M', 'size XL']",Nữ,Quần dài
12563948,1612631548456,Quần dài thể thao slim fit Hiye - LF001 (Đen),https://tiki.vn/product-p12563948.html?spid=12563950,60000,60000,60000,0.0,0,https://salt.tikicdn.com/cache/280x280/ts/product/93/5d/33/e23ce5abb4110275b1f2f55b34062159.jpg,available,['S'],[],Nữ,Quần dài
150561459,3694254012502,QUẦN DÀI GOLF NỮ - PGM - PGA-102005,https://tiki.vn/product-p150561459.html?spid=150561463,4750000,4750000,4750000,0.0,0,https://salt.tikicdn.com/cache/280x280/ts/product/60/56/33/4d558438c1a8a10bcb016cca04f28935.jpg,available,"['Trắng', 'Đen']","['L', 'S']",Nữ,Quần dài
197377581,4514101791478,"Quần dài nữ đánh Golf chính hãng PGM - KUZ132 - Chất liệu 92 % Polyester+ 8% sapndex cao cấp, bền đẹp",https://tiki.vn/product-p197377581.html?spid=197377713,2650000,2650000,2650000,0.0,0,https://salt.tikicdn.com/cache/280x280/ts/product/70/c5/76/6874015d31025e0f4b1933882206014e.jpg,available,"['Trắng', 'Xanh than', 'Đen', 'Đỏ']","['L', 'M', 'S', 'XL', 'XS']",Nữ,Quần dài
197377388,1065879067980,"Quần dài nữ đánh Golf chính hãng PGM - KUZ069 - Chất liệu 86% sợi Po + 14% spandex cao cấp, bền đẹp",https://tiki.vn/product-p197377388.html?spid=197377392,1650000,1650000,1650000,0.0,0,https://salt.tikicdn.com/cache/280x280/ts/product/b4/ac/ca/73ad645f4802e93299880304377941b7.jpg,available,"['Hồng', 'Xanh than', 'trắng', 'Đen', 'Đỏ']","['L', 'M', 'S', 'XL', 'XS', 'XXXL']",Nữ,Quần dài
4426117,6932797984291,Quần Dài Jogger Nam Phối Sọc 1041_xanh,https://tiki.vn/product-p4426117.html?spid=4426121,95000,95000,95000,4.3,18,https://salt.tikicdn.com/cache/280x280/ts/product/a8/aa/26/1cfefc8c44b6e054c5dca329ea3cb2b7.JPG,available,"['Size M', 'Size XL']",[],Nữ,Quần dài
4382605,4810379779973,Quần Dài Jogger Nam Phối Sọc 1041,https://tiki.vn/product-p4382605.html?spid=4382609,95000,95000,95000,4.0,77,https://salt.tikicdn.com/cache/280x280/ts/product/c5/d1/c2/263160b8cd0702a09ae3bf8fab97ae31.jpg,available,"['Size M', 'Size XL']",[],Nữ,Quần dài
58921383,8422563949152,"Đồ bộ mặc nhà, bộ đồ thun quần dài áo tay dài in hình C033",https://tiki.vn/product-p58921383.html?spid=75166247,109000,109000,109000,3.0,24,https://salt.tikicdn.com/cache/280x280/ts/product/92/bc/0d/7fece764832220ce02277e92bb8bfe2f.jpg,available,"['CÁO HỒNG', 'DOREMON', 'HOA LÁ', 'KITTY HỒNG', 'MICKEY HỒNG', 'MICKEY VÀNG']","['L', 'M', 'XL']",Nữ,Quần dài
197378012,1815475065165,"Quần dài nữ đánh Golf chính hãng PGM - KUZ127 - Chất liệu 92 % nylon+ 8% sapndex cao cấp, bền đẹp",https://tiki.vn/product-p197378012.html?spid=197378026,1750000,1750000,1750000,0.0,0,https://salt.tikicdn.com/cache/280x280/ts/product/f1/6b/bf/eac15cb42e9feb4247dc010c04870ab0.jpg,available,"['Nâu', 'Trắng', 'Xanh than', 'Đen']","['L', 'M', 'S', 'XL']",Nữ,Quần dài
20680707,8041206479445,Quần Dài Jogger Nam Phối Sọc 1066,https://tiki.vn/product-p20680707.html?spid=20680713,95000,95000,95000,4.6,13,https://salt.tikicdn.com/cache/280x280/ts/product/69/b8/d9/9522db5233133f8566f9ea877ac2d472.jpg,available,"['xám', 'đen']","['L', 'M', 'XL']",Nữ,Quần dài
4399961,8096303355147,Quần Dài Jogger Nam Phối Sọc 1041 xám,https://tiki.vn/product-p4399961.html?spid=4399965,95000,95000,95000,4.5,8,https://salt.tikicdn.com/cache/280x280/ts/product/7a/45/63/15b4158411a48aed4ef6dd15d1ee5810.JPG,available,"['Size M', 'Size XL']",[],Nữ,Quần dài
249154166,7951123411893,Quần dài thể thao nữ Under Armour Baselayer Hg Armour - 1365336-019,https://tiki.vn/product-p249154166.html?spid=249154168,922000,1395000,1395000,0.0,0,https://salt.tikicdn.com/cache/280x280/ts/product/2a/94/79/1d0bc606834c0963f504fe86f6ebb060.jpg,available,['CHARCOAL'],"['L', 'M', 'S', 'XS']",Nữ,Quần dài
43334919,8652577792158,Bộ ngủ nữ quần dài phối ren chỉ vàng kim kèm áo choàng,https://tiki.vn/product-p43334919.html?spid=43334920,145000,145000,145000,5.0,6,https://salt.tikicdn.com/cache/280x280/ts/product/89/e4/f8/462ffc0f2eb5bacc550d4756d0636973.jpg,available,[],[],Nữ,Quần dài
3632553,6996887011908,Quần Dài Legging Body Perfection Slimtess - Galaxie,https://tiki.vn/product-p3632553.html?spid=3724187,199000,199000,199000,4.0,1,https://salt.tikicdn.com/cache/280x280/ts/product/47/c2/38/3bfcdb2d91af642ce20585009cf169fd.jpg,available,['S'],[],Nữ,Quần dài
275610006,1818506721157,Áo Croptop Quần Dài Tập Yoga GYm,https://tiki.vn/product-p275610006.html?spid=275610047,381650,449000,449000,0.0,0,https://salt.tikicdn.com/cache/280x280/ts/product/7d/e1/04/4d18507d8212314c0dc05ee147bf7fde.jpg,available,"['Hồng', 'Xanh', 'Xám']","['L', 'M']",Nữ,Quần dài
276885828,1810342797579,"Set đồ nữ linen sang chảnh với áo sơ mi dài tay và quần dài form suông, trẻ trung dễ mặc Bv08",https://tiki.vn/product-p276885828.html?spid=276885830,499000,499000,499000,0.0,0,https://salt.tikicdn.com/cache/280x280/ts/product/69/1d/e4/8f033ac31e1b5a16778e6b95ebf7de4e.jpg,available,"['be', 'trắng', 'xám']","['L', 'M', 'XL', 'XXL']",Nữ,Quần dài
3632545,2293422282606,Quần Dài Legging Body Perfection Slimtess - Zèbre,https://tiki.vn/product-p3632545.html?spid=3724193,199000,199000,199000,0.0,0,https://salt.tikicdn.com/cache/280x280/ts/product/1a/46/6c/b1916eab1f6a1479d82f33f271a78738.jpg,available,['S'],[],Nữ,Quần dài
275688039,6714385602081,Áo Croptop Tay Dài Quần Dài Tập Yoga Gym Thun Lạnh Đàn Hồi Tốt,https://tiki.vn/product-p275688039.html?spid=275688041,381650,449000,449000,0.0,0,https://salt.tikicdn.com/cache/280x280/ts/product/7e/d0/83/8ff4619d7e2c0fa47f37d0c06d23c406.jpg,available,"['Màu Nâu', 'Xám']","['L', 'M']",Nữ,Quần dài
184899491,7849739135325,"Đồ Ngủ Nữ Pyjama Tay Dài Quần Dài HW1002 đồ ngủ nữ đẹp lụa Pháp cao cấp, mềm mịn,thoáng mát - RELAX",https://tiki.vn/product-p184899491.html?spid=184899614,619000,619000,619000,4.8,4,https://salt.tikicdn.com/cache/280x280/ts/product/da/dd/6a/5734b80a9c57fff51031632422998556.jpg,available,"['Cổ vịt', 'Tím nhạt', 'Vàng đồng', 'Xám xanh']","['L : 57kg-62kg', 'M : 51kg-56kg', 'XL : 63kg-68kg', 'XXL : 69kg-74kg']",Nữ,Quần dài
259483709,8249328931924,"Đồ bộ thun nữ có bigsize quần dài ống suông quần ống rộng áo thêu hình gấu, sét bộ đi chơi đi làm, bộ đồ mặc nhà xinh",https://tiki.vn/product-p259483709.html?spid=259483715,239000,239000,239000,0.0,0,https://salt.tikicdn.com/cache/280x280/ts/product/fa/76/70/9d5ca6d3b7422c783b72f6d973c4ac63.jpg,available,"['Trắng', 'Đen']","['L', 'M', 'XL', 'XXL']",Nữ,Quần dài
207035046,4662922361901,[Golfmax] Quần dài Golf nữ PGM KUZ074,https://tiki.vn/product-p207035046.html?spid=207035050,1650000,1650000,1650000,0.0,0,https://salt.tikicdn.com/cache/280x280/ts/product/dc/aa/b7/dab05c6be5acb26e6cbf845c27804ffb.jpg,available,"['L', 'M', 'XL']",[],Nữ,Quần dài
275609794,6797769732371,Áo Bra Quần Dài Thể Thao Nữ Tập Yoga Gym Chạy Bộ,https://tiki.vn/product-p275609794.html?spid=275609835,372000,465000,465000,0.0,0,https://salt.tikicdn.com/cache/280x280/ts/product/a2/73/86/c24d0ef84cf96789b7962ae726abb3f1.jpg,available,"['NÂU', 'RÊU', 'TÍM', 'Xanh Ghi', 'ĐEN']","['L', 'M', 'S', 'XL']",Nữ,Quần dài
4973443,9682178296723,Quần yếm jean dài trơn YD02,https://tiki.vn/product-p4973443.html?spid=4973451,199000,199000,199000,2.0,1,https://salt.tikicdn.com/cache/280x280/ts/product/4c/cc/4e/9d5d03fd19936f59b0bd0540760b4618.jpg,available,"['M', 'S']",[],Nữ,Quần dài
274156421,9306648705862,Quần Dài LINEN Nam co giãn cao cấp - Quần Đũi nam Dáng Dài Basic Đũi Việt,https://tiki.vn/product-p274156421.html?spid=274156423,249000,249000,249000,0.0,0,https://salt.tikicdn.com/cache/280x280/ts/product/aa/36/dd/83592142bb86234195f45bb4be4d5cec.jpg,available,"['L', 'M', 'XL', 'XXL']",[],Nữ,Quần dài
49461208,1942234009192,SET 2 QUẦN DÀI COTTON MÀU NGẪU NHIÊN CHO BÉ,https://tiki.vn/product-p49461208.html?spid=49461210,80000,80000,80000,4.5,5,https://salt.tikicdn.com/cache/280x280/ts/product/3f/52/9b/5de13ff8c371ee9ca6014a50ef8779f8.jpg,available,"['SIZE 10 - 12kg', 'SIZE 12 - 14kg', 'SIZE 14 - 16kg', 'SIZE 16 - 18kg', 'SIZE 18 - 20kg', 'SIZE 20 - 22kg', 'SIZE 22 - 24kg', 'SIZE 24 - 26kg', 'SIZE 26 - 28kg', 'SIZE 28 - 30kg', 'SIZE 30 - 34kg', 'SIZE 5 - 8kg', 'SIZE 8 - 10kg']",[],Nữ,Quần dài
3632537,7732183485895,Quần Dài Legging Body Perfection Slimtess - Electron,https://tiki.vn/product-p3632537.html?spid=3724203,199000,199000,199000,0.0,0,https://salt.tikicdn.com/cache/280x280/ts/product/9d/2a/72/1098006a78da1eafdbfeefc059204b26.jpg,available,"['L', 'M', 'S']",[],Nữ,Quần dài
270783902,4238956304863,Quần dài thể thao nữ Under Armour Fly Fast Elite - 1376821-001,https://tiki.vn/product-p270783902.html?spid=270783905,1314000,1950000,1950000,0.0,0,https://salt.tikicdn.com/cache/280x280/ts/product/ce/18/95/9640d4c8c3957366e3e375d40c3c425d.jpg,available,['1376821-001'],"['L', 'M', 'S', 'XL']",Nữ,Quần dài
32421856,5091700158844,Set 5 bộ đồ tay dài quần dài cotton 2 chiều hình ngẫu nhiên Số 2,https://tiki.vn/product-p32421856.html?spid=32421858,267000,267000,267000,3.8,5,https://salt.tikicdn.com/cache/280x280/ts/product/a0/3b/24/f32222d3bdc006323564adb840cc3daf.jpg,available,"['Size 2: 5-8kg DT', 'Size 3: 9-11kg DT', 'Size 4: 12-14kg DT', 'Size 5: 15-17kg DT', 'Size 6; 18-20kg DT', 'Size 7: 21-23kg DT']",[],Nữ,Quần dài
207044268,5956885908849,[Golfmax] Quần dài Golf nữ PGM-KUZ111,https://tiki.vn/product-p207044268.html?spid=207044270,2150000,2150000,2150000,0.0,0,https://salt.tikicdn.com/cache/280x280/ts/product/05/a2/59/48bdc5fa5cd3d35321d858ec491f02cb.JPG,available,"['Kaki', 'Trắng', 'Xanh than', 'Đen']","['L', 'M', 'S', 'XL', 'XS']",Nữ,Quần dài
28164777,7430210654039,Quần jean nữ trơn - Xanh đen,https://tiki.vn/product-p28164777.html?spid=28164779,229000,229000,229000,4.3,59,https://salt.tikicdn.com/cache/280x280/ts/product/72/92/89/da89a0837b738a50bcd54a82d2b24b95.jpg,available,"['26', '27', '28', '29', '30', '31', '32', '33', '34', '35', '36']",[],Nữ,Quần dài
47346966,2049424310980,SET 3 QUẦN DÀI COTTON MÀU NGẪU NHIÊN CHO BÉ,https://tiki.vn/product-p47346966.html?spid=47346968,116000,116000,116000,0.0,0,https://salt.tikicdn.com/cache/280x280/ts/product/3f/52/9b/b89d96d6945bb9b062eccf5d794df91d.jpg,available,"['SIZE 10 - 12KG', 'SIZE 14 - 16KG', 'SIZE 16 - 18KG', 'SIZE 18 - 20KG', 'SIZE 5 - 8KG', 'SIZE 8 - 10KG']",[],Nữ,Quần dài
147993356,5728347912010,Bộ Pijama Nữ Tay Dài Quần Dài Mặc Nhà thời trang cao cấp trẻ trung xinh xắn P113,https://tiki.vn/product-p147993356.html?spid=199912748,450000,450000,450000,0.0,0,https://salt.tikicdn.com/cache/280x280/ts/product/d5/be/45/83518fffe83e6f2af4d0de5c7d0b6576.jpg,available,['2'],[],Nữ,Quần dài
249154130,4054817692463,Quần dài thể thao nữ Under Armour Baselayer Hg Armour - 1365335-019,https://tiki.vn/product-p249154130.html?spid=249154132,926000,1295000,1295000,0.0,0,https://salt.tikicdn.com/cache/280x280/ts/product/b7/b6/7b/78ef5fc6f913b156fa8f6c8d79327369.jpg,available,['CHARCOAL'],"['L', 'M', 'S', 'XS']",Nữ,Quần dài
275693446,6364462515058,Áo Croptop Dài Tay Quần Dài Dệt Kim Tập Yoga Gym,https://tiki.vn/product-p275693446.html?spid=275693448,361250,425000,425000,0.0,0,https://salt.tikicdn.com/cache/280x280/ts/product/7d/63/24/3809587f5b1d9a56852e486da7453628.jpg,available,"['Hồng Vỏ Đậu', 'Tím', 'Xám']","['L', 'M']",Nữ,Quần dài
